dataset_name,basis_i,basis_j,basis_i_name,basis_j_name,corr
IMR,0,0,b0,b0,0.9999999999999998
IMR,0,1,b0,b1,0.999999999999991
IMR,0,2,b0,b4,-0.45057950941745856
IMR,0,3,b0,b5,0.45057950941745667
IMR,0,4,b0,b6,-0.4505795094174581
IMR,0,5,b0,b8,-0.08073680098825277
IMR,0,6,b0,b9,-0.03357728868471995
IMR,0,7,b0,b10,0.026055262043995327
IMR,1,0,b1,b0,0.999999999999991
IMR,1,1,b1,b1,0.9999999999999998
IMR,1,2,b1,b4,-0.45057950941745784
IMR,1,3,b1,b5,0.45057950941745734
IMR,1,4,b1,b6,-0.45057950941745706
IMR,1,5,b1,b8,-0.08073680098825303
IMR,1,6,b1,b9,-0.03357728868472002
IMR,1,7,b1,b10,0.02605526204399531
IMR,2,0,b4,b0,-0.45057950941745856
IMR,2,1,b4,b1,-0.4505795094174579
IMR,2,2,b4,b4,0.9999999999999998
IMR,2,3,b4,b5,-1.0
IMR,2,4,b4,b6,0.999999999999999
IMR,2,5,b4,b8,0.13807014178627222
IMR,2,6,b4,b9,0.15869014519143562
IMR,2,7,b4,b10,0.16166995177017038
IMR,3,0,b5,b0,0.4505795094174566
IMR,3,1,b5,b1,0.4505795094174572
IMR,3,2,b5,b4,-1.0
IMR,3,3,b5,b5,0.9999999999999999
IMR,3,4,b5,b6,-0.9999999999999972
IMR,3,5,b5,b8,-0.13807014178627208
IMR,3,6,b5,b9,-0.15869014519143526
IMR,3,7,b5,b10,-0.1616699517701699
IMR,4,0,b6,b0,-0.4505795094174581
IMR,4,1,b6,b1,-0.45057950941745706
IMR,4,2,b6,b4,0.9999999999999989
IMR,4,3,b6,b5,-0.9999999999999972
IMR,4,4,b6,b6,1.0
IMR,4,5,b6,b8,0.13807014178627172
IMR,4,6,b6,b9,0.15869014519143493
IMR,4,7,b6,b10,0.16166995177016988
IMR,5,0,b8,b0,-0.08073680098825277
IMR,5,1,b8,b1,-0.08073680098825302
IMR,5,2,b8,b4,0.13807014178627222
IMR,5,3,b8,b5,-0.13807014178627208
IMR,5,4,b8,b6,0.13807014178627172
IMR,5,5,b8,b8,1.0
IMR,5,6,b8,b9,0.6255465789890047
IMR,5,7,b8,b10,0.47623565628151904
IMR,6,0,b9,b0,-0.03357728868471995
IMR,6,1,b9,b1,-0.03357728868472002
IMR,6,2,b9,b4,0.15869014519143562
IMR,6,3,b9,b5,-0.1586901451914353
IMR,6,4,b9,b6,0.15869014519143493
IMR,6,5,b9,b8,0.6255465789890046
IMR,6,6,b9,b9,1.0
IMR,6,7,b9,b10,0.6505818742904595
IMR,7,0,b10,b0,0.026055262043995324
IMR,7,1,b10,b1,0.026055262043995307
IMR,7,2,b10,b4,0.1616699517701704
IMR,7,3,b10,b5,-0.16166995177016993
IMR,7,4,b10,b6,0.1616699517701699
IMR,7,5,b10,b8,0.47623565628151904
IMR,7,6,b10,b9,0.6505818742904595
IMR,7,7,b10,b10,1.0
TT,0,0,b0,b0,0.9999999999999998
TT,0,1,b0,b1,0.9999999999999994
TT,0,2,b0,b4,-0.7283132094201333
TT,0,3,b0,b5,0.7283132094201309
TT,0,4,b0,b6,-0.728313209420133
TT,0,5,b0,b8,0.17547355409269721
TT,0,6,b0,b9,0.21422009706155842
TT,0,7,b0,b10,0.2484818499235594
TT,1,0,b1,b0,0.9999999999999996
TT,1,1,b1,b1,1.0
TT,1,2,b1,b4,-0.7283132094201339
TT,1,3,b1,b5,0.7283132094201312
TT,1,4,b1,b6,-0.7283132094201338
TT,1,5,b1,b8,0.17547355409269635
TT,1,6,b1,b9,0.21422009706155853
TT,1,7,b1,b10,0.24848184992355968
TT,2,0,b4,b0,-0.7283132094201332
TT,2,1,b4,b1,-0.7283132094201339
TT,2,2,b4,b4,0.9999999999999999
TT,2,3,b4,b5,-1.0
TT,2,4,b4,b6,1.0
TT,2,5,b4,b8,-0.2236280680156384
TT,2,6,b4,b9,-0.2505077902222255
TT,2,7,b4,b10,-0.295153372012224
TT,3,0,b5,b0,0.7283132094201309
TT,3,1,b5,b1,0.7283132094201313
TT,3,2,b5,b4,-1.0
TT,3,3,b5,b5,1.0
TT,3,4,b5,b6,-1.0
TT,3,5,b5,b8,0.22362806801563595
TT,3,6,b5,b9,0.2505077902222253
TT,3,7,b5,b10,0.29515337201222286
TT,4,0,b6,b0,-0.728313209420133
TT,4,1,b6,b1,-0.7283132094201338
TT,4,2,b6,b4,1.0
TT,4,3,b6,b5,-1.0
TT,4,4,b6,b6,0.9999999999999998
TT,4,5,b6,b8,-0.22362806801563764
TT,4,6,b6,b9,-0.25050779022222625
TT,4,7,b6,b10,-0.2951533720122242
TT,5,0,b8,b0,0.1754735540926972
TT,5,1,b8,b1,0.17547355409269635
TT,5,2,b8,b4,-0.22362806801563836
TT,5,3,b8,b5,0.22362806801563595
TT,5,4,b8,b6,-0.22362806801563764
TT,5,5,b8,b8,1.0
TT,5,6,b8,b9,0.5795740497556774
TT,5,7,b8,b10,0.5882631867247169
TT,6,0,b9,b0,0.21422009706155842
TT,6,1,b9,b1,0.21422009706155853
TT,6,2,b9,b4,-0.2505077902222255
TT,6,3,b9,b5,0.2505077902222253
TT,6,4,b9,b6,-0.25050779022222625
TT,6,5,b9,b8,0.5795740497556773
TT,6,6,b9,b9,1.0
TT,6,7,b9,b10,0.9369019539421822
TT,7,0,b10,b0,0.2484818499235594
TT,7,1,b10,b1,0.24848184992355965
TT,7,2,b10,b4,-0.295153372012224
TT,7,3,b10,b5,0.2951533720122228
TT,7,4,b10,b6,-0.2951533720122242
TT,7,5,b10,b8,0.5882631867247168
TT,7,6,b10,b9,0.9369019539421822
TT,7,7,b10,b10,1.0
