group_id,subject,dataset_name,dataset_label,side_label,side_label_name,side_coeff_mean,side_coeff_abs_mean,side_recon_l1_mean,usage_b0,rep_b0,usage_b1,rep_b1,usage_b2,rep_b2
IMR:00235:x:group000,00235,IMR,0,1,Normal,-0.12864091992378235,0.12864091992378235,0.00026371717103756964,0.32946616411209106,-0.04238282889127731,0.3277676999568939,-0.042164336889982224,0.3427662253379822,-0.04409376159310341
IMR:00241:x:group001,00241,IMR,0,1,Normal,-0.15294086933135986,0.15294086933135986,0.0003132664132863283,0.3242858648300171,-0.04959656298160553,0.3314926028251648,-0.050698768347501755,0.34422147274017334,-0.05264553055167198
IMR:00242:x:group002,00242,IMR,0,1,Normal,-0.11745090782642365,0.11745090782642365,0.00024074147222563624,0.3300691843032837,-0.038569942116737366,0.32733452320098877,-0.03858751803636551,0.34259629249572754,-0.04029344767332077
IMR:00244:x:group003,00244,IMR,0,1,Normal,-0.1510116457939148,0.1510116457939148,0.0003094928397331387,0.3278060257434845,-0.049502529203891754,0.3307936489582062,-0.04995369166135788,0.3414004147052765,-0.051555439829826355
IMR:00245:x:group004,00245,IMR,0,1,Normal,-0.15905331075191498,0.15905331075191498,0.00032581426785327494,0.32480064034461975,-0.05166061595082283,0.3317953944206238,-0.05277315527200699,0.3434039354324341,-0.05461953207850456
IMR:00251:x:group005,00251,IMR,0,1,Normal,-0.1495092809200287,0.1495092809200287,0.0003063555050175637,0.32665374875068665,-0.04883776605129242,0.33060523867607117,-0.0494285523891449,0.3427410125732422,-0.05124296247959137
IMR:00256:x:group006,00256,IMR,0,1,Normal,-0.14491263031959534,0.14491263031959534,0.00029700950835831463,0.3281465172767639,-0.047552574425935745,0.3300084173679352,-0.047822386026382446,0.3418450355529785,-0.04953766241669655
IMR:00271:x:group007,00271,IMR,0,1,Normal,-0.12954385578632355,0.12954385578632355,0.00026564489235170186,0.33118095993995667,-0.04290245845913887,0.32808947563171387,-0.04250197485089302,0.34072956442832947,-0.044139422476291656
IMR:00281:x:group008,00281,IMR,0,2,Right,-0.151503324508667,0.151503324508667,0.0003103346098214388,0.32453790307044983,-0.04916857182979584,0.33140021562576294,-0.050208233296871185,0.34406179189682007,-0.052126504480838776
IMR:00295:x:group009,00295,IMR,0,2,Right,-0.13667219877243042,0.13667219877243042,0.000280248059425503,0.33077603578567505,-0.04520788788795471,0.3251391351222992,-0.044437479227781296,0.344084769487381,-0.04702682048082352
IMR:00299:x:group010,00299,IMR,0,2,Right,-0.14823473989963531,0.14823473989963531,0.0003036838606931269,0.32548171281814575,-0.048247698694467545,0.3279174566268921,-0.04860875755548477,0.34660083055496216,-0.051378283649683
IMR:00301:x:group011,00301,IMR,0,0,Left,-0.022482886910438538,0.022482886910438538,4.63002324977424e-05,0.353669136762619,-0.007951503619551659,0.31132128834724426,-0.0069994013756513596,0.3350096046924591,-0.007531982846558094
IMR:00305:x:group012,00305,IMR,0,0,Left,-0.013202410191297531,0.013202410191297531,2.7194513677386567e-05,0.3546382188796997,-0.0046820794232189655,0.310203492641449,-0.004095433745533228,0.33515825867652893,-0.004424897022545338
IMR:00310:x:group014,00310,IMR,0,0,Left,-0.04086440056562424,0.04086440056562424,8.409277506871149e-05,0.35004112124443054,-0.01430422067642212,0.3133357763290405,-0.01280427910387516,0.33662307262420654,-0.013755899854004383
IMR:00312:x:group015,00312,IMR,0,0,Left,-0.02258877642452717,0.02258877642452717,4.643056672648527e-05,0.3439885079860687,-0.007770279422402382,0.3158496618270874,-0.0071346573531627655,0.34016188979148865,-0.007683841045945883
IMR:00321:x:group016,00321,IMR,0,0,Left,-0.0070335753262043,0.0070335753262043,1.447898739570519e-05,0.3514346182346344,-0.002471841871738434,0.3103000819683075,-0.0021825190633535385,0.3382652997970581,-0.0023792143911123276
IMR:00323:x:group017,00323,IMR,0,0,Left,-0.04213881492614746,0.04213881492614746,8.66952832438983e-05,0.3488449156284332,-0.014699911698698997,0.31392204761505127,-0.01322830282151699,0.3372330367565155,-0.014210600405931473
IMR:00327:x:group018,00327,IMR,0,2,Right,-0.10894662141799927,0.10894662141799927,0.00022355973487719893,0.3350338339805603,-0.036500804126262665,0.32569196820259094,-0.035483039915561676,0.33927422761917114,-0.036962781101465225
IMR:00330:x:group019,00330,IMR,0,2,Right,-0.15293052792549133,0.15293052792549133,0.00031334615778177977,0.32621559500694275,-0.04988832399249077,0.32531341910362244,-0.04975035414099693,0.3484709858894348,-0.05329185351729393
IMR:00337:x:group020,00337,IMR,0,2,Right,-0.14792096614837646,0.14792096614837646,0.0003031971282325685,0.32841089367866516,-0.048578858375549316,0.3239889442920685,-0.04792475700378418,0.34760019183158875,-0.05141735449433327
IMR:00338:x:group021,00338,IMR,0,2,Right,-0.13481979072093964,0.13481979072093964,0.00027647297247312963,0.3311900198459625,-0.04465096816420555,0.3240909278392792,-0.043693870306015015,0.3447190523147583,-0.04647495225071907
IMR:00341:x:group022,00341,IMR,0,2,Right,-0.10715566575527191,0.10715566575527191,0.000219783847569488,0.3324200510978699,-0.03562069311738014,0.3264566957950592,-0.034981682896614075,0.3411232531070709,-0.036553289741277695
IMR:00343:x:group023,00343,IMR,0,2,Right,-0.14537407457828522,0.14537407457828522,0.00029796065064147115,0.32809025049209595,-0.047695815563201904,0.3239634931087494,-0.0470958948135376,0.3479462265968323,-0.05058236047625542
IMR:00344:x:group024,00344,IMR,0,2,Right,-0.10472052544355392,0.10472052544355392,0.00021507464407477528,0.33976566791534424,-0.03558043763041496,0.32029280066490173,-0.033541228622198105,0.3399415910243988,-0.035598862916231155
IMR:00345:x:group025,00345,IMR,0,2,Right,-0.10886386036872864,0.10886386036872864,0.00022325554164126515,0.3315902650356293,-0.03609819710254669,0.3264992833137512,-0.03554397076368332,0.34191054105758667,-0.037221699953079224
IMR:00346:x:group026,00346,IMR,0,2,Right,-0.15357846021652222,0.15357846021652222,0.0003147429379168898,0.3275894820690155,-0.05031068995594978,0.32603123784065247,-0.05007137730717659,0.34637925028800964,-0.053196392953395844
IMR:00350:x:group027,00350,IMR,0,1,Normal,-0.12499696016311646,0.12499696016311646,0.0002564126334618777,0.33319106698036194,-0.04164787009358406,0.3259779214859009,-0.04074624925851822,0.34083104133605957,-0.042602844536304474
IMR:00351:x:group028,00351,IMR,0,1,Normal,-0.10167299211025238,0.10167299211025238,0.000208491095690988,0.3310883641242981,-0.033662743866443634,0.3261595368385315,-0.03316161781549454,0.3427520990371704,-0.03484863042831421
IMR:00352:x:group029,00352,IMR,0,1,Normal,-0.10774911940097809,0.10774911940097809,0.00022108832490630448,0.3346131443977356,-0.03605427220463753,0.32445552945137024,-0.03495979681611061,0.3409312665462494,-0.03673504292964935
IMR:00369:x:group030,00369,IMR,0,0,Left,-0.06905132532119751,0.06905132532119751,0.00014184246538206935,0.34089285135269165,-0.02353910356760025,0.3221469819545746,-0.02224467694759369,0.33696019649505615,-0.02326754853129387
IMR:00370:x:group031,00370,IMR,0,0,Left,-0.00043691694736480713,0.00043691694736480713,8.997060376714217e-07,0.353137731552124,-0.00015429186169058084,0.3103089928627014,-0.00013557926286011934,0.33655330538749695,-0.00014704583736602217
IMR:00373:x:group032,00373,IMR,0,2,Right,-0.1235206201672554,0.1235206201672554,0.00025331767392344773,0.3316414952278137,-0.04096456244587898,0.32523247599601746,-0.040172915905714035,0.3431260287761688,-0.042383138090372086
IMR:00380:x:group033,00380,IMR,0,1,Normal,-0.14473138749599457,0.14473138749599457,0.00029668043134734035,0.329005628824234,-0.04761744290590286,0.32914024591445923,-0.04763692617416382,0.341854065656662,-0.04947701469063759
IMR:00381:x:group034,00381,IMR,0,1,Normal,-0.1426565796136856,0.1426565796136856,0.0002924033033195883,0.3285110592842102,-0.04686426371335983,0.3298124670982361,-0.04704991728067398,0.3416765034198761,-0.04874240234494209
IMR:00386:x:group035,00386,IMR,0,0,Left,-0.05677787959575653,0.05677787959575653,0.00011671824177028611,0.3447433412075043,-0.019573796540498734,0.31693732738494873,-0.01799502968788147,0.338319331407547,-0.019209053367376328
IMR:00389:x:group036,00389,IMR,0,2,Right,-0.1288975179195404,0.1288975179195404,0.00026416347827762365,0.3276551365852356,-0.04223393276333809,0.32864877581596375,-0.04236201196908951,0.34369614720344543,-0.044301580637693405
IMR:00396:x:group037,00396,IMR,0,2,Right,-0.11976701766252518,0.11976701766252518,0.00024550437228754163,0.3288997411727905,-0.03939134255051613,0.3256460130214691,-0.03900165110826492,0.34545424580574036,-0.041374024003744125
IMR:00402:x:group038,00402,IMR,0,0,Left,-0.05701093003153801,0.05701093003153801,0.0001170680916402489,0.33880341053009033,-0.01931549794971943,0.3211921453475952,-0.01831146329641342,0.34000447392463684,-0.019383970648050308
IMR:00406:x:group039,00406,IMR,0,2,Right,-0.09601710736751556,0.09601710736751556,0.00019706350576598197,0.33603864908218384,-0.03226545825600624,0.3251057267189026,-0.031215710565447807,0.33885568380355835,-0.032535944133996964
IMR:00412:x:group040,00412,IMR,0,1,Normal,-0.12628985941410065,0.12628985941410065,0.00025912997080013156,0.33462345600128174,-0.04225954785943031,0.32559123635292053,-0.04111887142062187,0.33978530764579773,-0.04291144013404846
IMR:00512:x:group041,00512,IMR,0,2,Right,-0.11146066337823868,0.11146066337823868,0.00022873448324389756,0.33531084656715393,-0.037373971194028854,0.323056161403656,-0.03600805252790451,0.34163302183151245,-0.03807864338159561
IMR:00514:x:group042,00514,IMR,0,2,Right,-0.1305328905582428,0.1305328905582428,0.00026766391238197684,0.3309178054332733,-0.043195657432079315,0.32593587040901184,-0.04254535213112831,0.34314635396003723,-0.04479188472032547
IMR:00521:x:group043,00521,IMR,0,2,Right,-0.15201932191848755,0.15201932191848755,0.0003115085419267416,0.32686322927474976,-0.04968952760100365,0.3296002447605133,-0.05010560527443886,0.3435365855693817,-0.05222420021891594
IMR:00551:x:group044,00551,IMR,0,1,Normal,-0.1429046094417572,0.1429046094417572,0.00029289667145349085,0.3282056450843811,-0.04690209776163101,0.3291380703449249,-0.047035347670316696,0.34265628457069397,-0.048967164009809494
TT:740525:x:group000,740525,TT,1,1,Normal,-0.1073073074221611,0.1073073074221611,0.00022020796313881874,0.3365571200847626,-0.03598028048872948,0.3241128921508789,-0.03490349277853966,0.3393300473690033,-0.03642353415489197
TT:844753:x:group001,844753,TT,1,1,Normal,-0.14000780880451202,0.14000780880451202,0.0002871548349503428,0.33221396803855896,-0.04651222750544548,0.3280225694179535,-0.04592601954936981,0.33976349234580994,-0.04756957292556763
TT:845408:x:group002,845408,TT,1,2,Right,-0.11599133163690567,0.11599133163690567,0.00023810188577044755,0.3372037410736084,-0.03909849375486374,0.3246362805366516,-0.03767386078834534,0.3381599485874176,-0.03921898081898689
TT:847397:x:group003,847397,TT,1,0,Left,-0.11893735826015472,0.11893735826015472,0.0002439887321088463,0.3365546762943268,-0.039609964936971664,0.3251391053199768,-0.03890211880207062,0.338306188583374,-0.04042528197169304
TT:847397:x:group004,847397,TT,1,0,Left,-0.1344563513994217,0.1344563513994217,0.00027558175497688353,0.3282182514667511,-0.04413102939724922,0.3294846713542938,-0.04430130496621132,0.3422970473766327,-0.04602401331067085
TT:850823:x:group005,850823,TT,1,1,Normal,-0.13536469638347626,0.13536469638347626,0.00027761704404838383,0.33217549324035645,-0.04492861032485962,0.32753339409828186,-0.04436853528022766,0.3402911126613617,-0.04606754705309868
TT:850830:x:group006,850830,TT,1,0,Left,-0.11548034101724625,0.11548034101724625,0.0002369714347878471,0.33509260416030884,-0.03869684785604477,0.3246381878852844,-0.03748852014541626,0.3402692675590515,-0.03929497301578522
TT:851367:x:group007,851367,TT,1,0,Left,-0.06935795396566391,0.06935795396566391,0.00014235402341000736,0.34157758951187134,-0.02331465110182762,0.31979575753211975,-0.022491978481411934,0.3386266529560089,-0.023551326245069504
TT:851367:x:group008,851367,TT,1,0,Left,-0.12910392880439758,0.12910392880439758,0.00026486205752007663,0.3340991735458374,-0.04308608919382095,0.32602643966674805,-0.04211338981986046,0.33987441658973694,-0.04390445351600647
TT:851367:x:group009,851367,TT,1,0,Left,-0.12567028403282166,0.12567028403282166,0.00025783092132769525,0.33381620049476624,-0.0419507771730423,0.3225674331188202,-0.040537141263484955,0.34361639618873596,-0.0431823693215847
TT:861649:x:group010,861649,TT,1,1,Normal,-0.12133687734603882,0.12133687734603882,0.00024894284433685243,0.33460986614227295,-0.04053550958633423,0.3263162672519684,-0.03964473307132721,0.33907389640808105,-0.04115663468837738
TT:861649:x:group011,861649,TT,1,1,Normal,-0.04714458808302879,0.04714458808302879,9.683266398496926e-05,0.34403911232948303,-0.016040490940213203,0.317344605922699,-0.015157441608607769,0.3386163115501404,-0.015946658328175545
