label_5class,basis_i,basis_j,basis_i_name,basis_j_name,corr
0,0,0,b0,b0,0.9999999999999999
0,0,1,b0,b1,-1.0
0,0,2,b0,b4,-0.2585403745870364
0,0,3,b0,b5,-0.2585403745870371
0,0,4,b0,b6,0.25854037458703705
0,0,5,b0,b8,0.9861241714907595
0,0,6,b0,b9,0.9906919451518907
0,0,7,b0,b10,-0.9889341817741545
0,1,0,b1,b0,-1.0
0,1,1,b1,b1,1.0
0,1,2,b1,b4,0.2585403745870362
0,1,3,b1,b5,0.25854037458703705
0,1,4,b1,b6,-0.25854037458703727
0,1,5,b1,b8,-0.9861241714907598
0,1,6,b1,b9,-0.9906919451518913
0,1,7,b1,b10,0.9889341817741554
0,2,0,b4,b0,-0.2585403745870364
0,2,1,b4,b1,0.25854037458703616
0,2,2,b4,b4,0.9999999999999999
0,2,3,b4,b5,0.9999999999999997
0,2,4,b4,b6,-0.9999999999999998
0,2,5,b4,b8,-0.26118543089632956
0,2,6,b4,b9,-0.26960156925799295
0,2,7,b4,b10,0.26586260505518516
0,3,0,b5,b0,-0.2585403745870371
0,3,1,b5,b1,0.25854037458703705
0,3,2,b5,b4,0.9999999999999998
0,3,3,b5,b5,1.0
0,3,4,b5,b6,-0.9999999999999997
0,3,5,b5,b8,-0.26118543089633
0,3,6,b5,b9,-0.2696015692579935
0,3,7,b5,b10,0.26586260505518555
0,4,0,b6,b0,0.25854037458703705
0,4,1,b6,b1,-0.25854037458703727
0,4,2,b6,b4,-0.9999999999999999
0,4,3,b6,b5,-0.9999999999999997
0,4,4,b6,b6,1.0
0,4,5,b6,b8,0.26118543089633
0,4,6,b6,b9,0.26960156925799333
0,4,7,b6,b10,-0.26586260505518566
0,5,0,b8,b0,0.9861241714907595
0,5,1,b8,b1,-0.9861241714907598
0,5,2,b8,b4,-0.26118543089632956
0,5,3,b8,b5,-0.26118543089633
0,5,4,b8,b6,0.26118543089633
0,5,5,b8,b8,0.9999999999999999
0,5,6,b8,b9,0.9987034659860079
0,5,7,b8,b10,-0.9996140075067618
0,6,0,b9,b0,0.9906919451518906
0,6,1,b9,b1,-0.9906919451518913
0,6,2,b9,b4,-0.26960156925799295
0,6,3,b9,b5,-0.2696015692579935
0,6,4,b9,b6,0.26960156925799333
0,6,5,b9,b8,0.9987034659860079
0,6,6,b9,b9,1.0
0,6,7,b9,b10,-0.9997322319794333
0,7,0,b10,b0,-0.9889341817741545
0,7,1,b10,b1,0.9889341817741553
0,7,2,b10,b4,0.26586260505518516
0,7,3,b10,b5,0.26586260505518555
0,7,4,b10,b6,-0.26586260505518566
0,7,5,b10,b8,-0.9996140075067617
0,7,6,b10,b9,-0.9997322319794334
0,7,7,b10,b10,1.0
1,0,0,b0,b0,1.0
1,0,1,b0,b1,-1.0
1,0,2,b0,b4,-0.6630202292135283
1,0,3,b0,b5,-0.6630202292135279
1,0,4,b0,b6,0.6630202292135279
1,0,5,b0,b8,0.8439752752974671
1,0,6,b0,b9,0.6555862667570047
1,0,7,b0,b10,-0.7160382722850213
1,1,0,b1,b0,-1.0
1,1,1,b1,b1,1.0
1,1,2,b1,b4,0.6630202292135283
1,1,3,b1,b5,0.663020229213528
1,1,4,b1,b6,-0.663020229213528
1,1,5,b1,b8,-0.8439752752974667
1,1,6,b1,b9,-0.655586266757004
1,1,7,b1,b10,0.7160382722850208
1,2,0,b4,b0,-0.6630202292135282
1,2,1,b4,b1,0.6630202292135282
1,2,2,b4,b4,0.9999999999999999
1,2,3,b4,b5,1.0
1,2,4,b4,b6,-1.0
1,2,5,b4,b8,-0.5650961269734743
1,2,6,b4,b9,-0.4882053662435489
1,2,7,b4,b10,0.5176645002759198
1,3,0,b5,b0,-0.6630202292135279
1,3,1,b5,b1,0.6630202292135279
1,3,2,b5,b4,1.0
1,3,3,b5,b5,1.0
1,3,4,b5,b6,-1.0
1,3,5,b5,b8,-0.5650961269734741
1,3,6,b5,b9,-0.4882053662435483
1,3,7,b5,b10,0.5176645002759195
1,4,0,b6,b0,0.6630202292135279
1,4,1,b6,b1,-0.6630202292135281
1,4,2,b6,b4,-1.0
1,4,3,b6,b5,-1.0
1,4,4,b6,b6,1.0
1,4,5,b6,b8,0.5650961269734741
1,4,6,b6,b9,0.4882053662435485
1,4,7,b6,b10,-0.5176645002759195
1,5,0,b8,b0,0.843975275297467
1,5,1,b8,b1,-0.8439752752974667
1,5,2,b8,b4,-0.5650961269734743
1,5,3,b8,b5,-0.5650961269734741
1,5,4,b8,b6,0.5650961269734741
1,5,5,b8,b8,1.0
1,5,6,b8,b9,0.8849036056450347
1,5,7,b8,b10,-0.9323434039302415
1,6,0,b9,b0,0.6555862667570046
1,6,1,b9,b1,-0.655586266757004
1,6,2,b9,b4,-0.4882053662435489
1,6,3,b9,b5,-0.4882053662435483
1,6,4,b9,b6,0.48820536624354854
1,6,5,b9,b8,0.8849036056450346
1,6,6,b9,b9,1.0
1,6,7,b9,b10,-0.9934458943911985
1,7,0,b10,b0,-0.7160382722850213
1,7,1,b10,b1,0.7160382722850209
1,7,2,b10,b4,0.5176645002759198
1,7,3,b10,b5,0.5176645002759195
1,7,4,b10,b6,-0.5176645002759196
1,7,5,b10,b8,-0.9323434039302414
1,7,6,b10,b9,-0.9934458943911985
1,7,7,b10,b10,0.9999999999999999
2,0,0,b0,b0,1.0
2,0,1,b0,b1,-0.9999999999999998
2,0,2,b0,b4,-0.9448841035072477
2,0,3,b0,b5,-0.9448841035072483
2,0,4,b0,b6,0.9448841035072467
2,0,5,b0,b8,0.07776691346917872
2,0,6,b0,b9,-0.3970262372142805
2,0,7,b0,b10,0.28315426169255137
2,1,0,b1,b0,-0.9999999999999998
2,1,1,b1,b1,1.0
2,1,2,b1,b4,0.9448841035072467
2,1,3,b1,b5,0.9448841035072477
2,1,4,b1,b6,-0.9448841035072464
2,1,5,b1,b8,-0.0777669134691787
2,1,6,b1,b9,0.39702623721428026
2,1,7,b1,b10,-0.283154261692551
2,2,0,b4,b0,-0.9448841035072477
2,2,1,b4,b1,0.9448841035072467
2,2,2,b4,b4,0.9999999999999999
2,2,3,b4,b5,0.9999999999999997
2,2,4,b4,b6,-0.9999999999999987
2,2,5,b4,b8,-0.09198043923745194
2,2,6,b4,b9,0.4770260918976709
2,2,7,b4,b10,-0.34111910358645053
2,3,0,b5,b0,-0.9448841035072483
2,3,1,b5,b1,0.9448841035072476
2,3,2,b5,b4,0.9999999999999997
2,3,3,b5,b5,1.0
2,3,4,b5,b6,-1.0
2,3,5,b5,b8,-0.0919804392374518
2,3,6,b5,b9,0.4770260918976713
2,3,7,b5,b10,-0.34111910358645114
2,4,0,b6,b0,0.9448841035072467
2,4,1,b6,b1,-0.9448841035072465
2,4,2,b6,b4,-0.9999999999999988
2,4,3,b6,b5,-1.0
2,4,4,b6,b6,1.0
2,4,5,b6,b8,0.09198043923745178
2,4,6,b6,b9,-0.4770260918976711
2,4,7,b6,b10,0.3411191035864511
2,5,0,b8,b0,0.07776691346917872
2,5,1,b8,b1,-0.07776691346917869
2,5,2,b8,b4,-0.09198043923745194
2,5,3,b8,b5,-0.09198043923745182
2,5,4,b8,b6,0.09198043923745178
2,5,5,b8,b8,1.0
2,5,6,b8,b9,-0.0848138738287162
2,5,7,b8,b10,-0.5539355508946908
2,6,0,b9,b0,-0.3970262372142805
2,6,1,b9,b1,0.39702623721428026
2,6,2,b9,b4,0.4770260918976709
2,6,3,b9,b5,0.47702609189767137
2,6,4,b9,b6,-0.4770260918976711
2,6,5,b9,b8,-0.08481387382871622
2,6,6,b9,b9,1.0
2,6,7,b9,b10,-0.7825782621247926
2,7,0,b10,b0,0.28315426169255137
2,7,1,b10,b1,-0.283154261692551
2,7,2,b10,b4,-0.34111910358645053
2,7,3,b10,b5,-0.34111910358645114
2,7,4,b10,b6,0.34111910358645103
2,7,5,b10,b8,-0.5539355508946908
2,7,6,b10,b9,-0.7825782621247926
2,7,7,b10,b10,0.9999999999999998
3,0,0,b0,b0,1.0
3,0,1,b0,b1,-1.0
3,0,2,b0,b4,-0.9957731487926736
3,0,3,b0,b5,-0.9957731487926733
3,0,4,b0,b6,0.9957731487926731
3,0,5,b0,b8,-0.8259019355548757
3,0,6,b0,b9,-0.08561567549487147
3,0,7,b0,b10,0.8786903667333809
3,1,0,b1,b0,-1.0
3,1,1,b1,b1,0.9999999999999999
3,1,2,b1,b4,0.9957731487926732
3,1,3,b1,b5,0.9957731487926733
3,1,4,b1,b6,-0.9957731487926733
3,1,5,b1,b8,0.8259019355548762
3,1,6,b1,b9,0.08561567549487148
3,1,7,b1,b10,-0.878690366733381
3,2,0,b4,b0,-0.9957731487926736
3,2,1,b4,b1,0.9957731487926733
3,2,2,b4,b4,0.9999999999999999
3,2,3,b4,b5,1.0
3,2,4,b4,b6,-1.0
3,2,5,b4,b8,0.8337633021774776
3,2,6,b4,b9,0.10980072424468318
3,2,7,b4,b10,-0.8946434074922411
3,3,0,b5,b0,-0.9957731487926732
3,3,1,b5,b1,0.9957731487926733
3,3,2,b5,b4,1.0
3,3,3,b5,b5,0.9999999999999998
3,3,4,b5,b6,-1.0
3,3,5,b5,b8,0.833763302177478
3,3,6,b5,b9,0.1098007242446829
3,3,7,b5,b10,-0.8946434074922416
3,4,0,b6,b0,0.9957731487926731
3,4,1,b6,b1,-0.9957731487926733
3,4,2,b6,b4,-1.0
3,4,3,b6,b5,-1.0
3,4,4,b6,b6,1.0
3,4,5,b6,b8,-0.8337633021774778
3,4,6,b6,b9,-0.10980072424468287
3,4,7,b6,b10,0.8946434074922415
3,5,0,b8,b0,-0.8259019355548758
3,5,1,b8,b1,0.8259019355548763
3,5,2,b8,b4,0.8337633021774775
3,5,3,b8,b5,0.833763302177478
3,5,4,b8,b6,-0.8337633021774778
3,5,5,b8,b8,1.0
3,5,6,b8,b9,-0.24939353719079363
3,5,7,b8,b10,-0.9492644913806113
3,6,0,b9,b0,-0.08561567549487145
3,6,1,b9,b1,0.08561567549487147
3,6,2,b9,b4,0.10980072424468318
3,6,3,b9,b5,0.1098007242446829
3,6,4,b9,b6,-0.10980072424468287
3,6,5,b9,b8,-0.24939353719079363
3,6,6,b9,b9,1.0
3,6,7,b9,b10,-0.06780155448092384
3,7,0,b10,b0,0.8786903667333809
3,7,1,b10,b1,-0.878690366733381
3,7,2,b10,b4,-0.8946434074922412
3,7,3,b10,b5,-0.8946434074922416
3,7,4,b10,b6,0.8946434074922416
3,7,5,b10,b8,-0.9492644913806113
3,7,6,b10,b9,-0.06780155448092384
3,7,7,b10,b10,1.0
4,0,0,b0,b0,1.0
4,0,1,b0,b1,-0.9999999999999978
4,0,2,b0,b4,-0.2700286011357596
4,0,3,b0,b5,-0.27002860113575816
4,0,4,b0,b6,0.2700286011357579
4,0,5,b0,b8,-0.6924936292234735
4,0,6,b0,b9,-0.6062103310736566
4,0,7,b0,b10,0.7503485268682065
4,1,0,b1,b0,-0.9999999999999978
4,1,1,b1,b1,1.0
4,1,2,b1,b4,0.2700286011357596
4,1,3,b1,b5,0.2700286011357584
4,1,4,b1,b6,-0.27002860113575755
4,1,5,b1,b8,0.6924936292234729
4,1,6,b1,b9,0.6062103310736565
4,1,7,b1,b10,-0.7503485268682064
4,2,0,b4,b0,-0.2700286011357596
4,2,1,b4,b1,0.2700286011357596
4,2,2,b4,b4,1.0
4,2,3,b4,b5,1.0
4,2,4,b4,b6,-1.0
4,2,5,b4,b8,0.33553178889193547
4,2,6,b4,b9,-0.12457037601246247
4,2,7,b4,b10,-0.21863233542928076
4,3,0,b5,b0,-0.27002860113575816
4,3,1,b5,b1,0.27002860113575833
4,3,2,b5,b4,1.0
4,3,3,b5,b5,1.0
4,3,4,b5,b6,-1.0
4,3,5,b5,b8,0.33553178889193297
4,3,6,b5,b9,-0.12457037601246379
4,3,7,b5,b10,-0.21863233542927837
4,4,0,b6,b0,0.27002860113575783
4,4,1,b6,b1,-0.2700286011357576
4,4,2,b6,b4,-1.0
4,4,3,b6,b5,-1.0
4,4,4,b6,b6,0.9999999999999999
4,4,5,b6,b8,-0.3355317888919329
4,4,6,b6,b9,0.12457037601246379
4,4,7,b6,b10,0.21863233542927837
4,5,0,b8,b0,-0.6924936292234734
4,5,1,b8,b1,0.6924936292234728
4,5,2,b8,b4,0.3355317888919354
4,5,3,b8,b5,0.335531788891933
4,5,4,b8,b6,-0.3355317888919329
4,5,5,b8,b8,0.9999999999999999
4,5,6,b8,b9,0.5015658507884665
4,5,7,b8,b10,-0.954018449265947
4,6,0,b9,b0,-0.6062103310736567
4,6,1,b9,b1,0.6062103310736566
4,6,2,b9,b4,-0.12457037601246247
4,6,3,b9,b5,-0.12457037601246379
4,6,4,b9,b6,0.12457037601246378
4,6,5,b9,b8,0.5015658507884665
4,6,6,b9,b9,0.9999999999999999
4,6,7,b9,b10,-0.7378208121951688
4,7,0,b10,b0,0.7503485268682064
4,7,1,b10,b1,-0.7503485268682064
4,7,2,b10,b4,-0.21863233542928076
4,7,3,b10,b5,-0.21863233542927837
4,7,4,b10,b6,0.21863233542927837
4,7,5,b10,b8,-0.9540184492659471
4,7,6,b10,b9,-0.7378208121951687
4,7,7,b10,b10,1.0
